id,name,category,primary_language,execution_mode,license_or_access,earth_engine_dependency,sentinel1_support,sentinel2_support,time_series_support,ml_support,reproducibility_strength,scalability_strength,forest_monitoring_fit,baseline_v1_fit,monthly_v2_fit,weak_supervision_v3_fit,ops_complexity,export_portability,community_maturity,recommended_role,status,reviewer,review_date,notes
PKG-0001,"Google Earth Engine","platform","JavaScript/Python","cloud","non-commercial quotas from 27 Apr 2026","yes","high","high","high","medium","medium","high","high","high","high","medium","medium","high","high","default","reviewed","","","Quota policy must be tracked in ADR 0001"
PKG-0002,"geemap","library","Python","cloud + local","open-source","yes","high","high","high","medium","medium","medium","high","high","high","medium","low","high","high","default","reviewed","","","Python-friendly EE wrapper; notebook-friendly"
PKG-0003,"GDAL","library","C++/Python bindings","local","open-source","no","medium","medium","low","low","high","high","high","high","medium","low","medium","high","high","default","reviewed","","","Required for local raster I/O and reprojection"
PKG-0004,"Rasterio","library","Python","local","open-source","no","medium","medium","low","low","high","medium","high","high","medium","low","low","high","high","default","reviewed","","","Pythonic GDAL wrapper for local raster work"
PKG-0005,"rioxarray","library","Python","local","open-source","no","medium","medium","high","medium","high","medium","high","high","high","medium","low","high","medium","default","reviewed","","","xarray + rasterio for time-series-friendly raster work"
PKG-0006,"SEPAL","platform","web/Python","cloud","open-access (institutional)","partial","high","high","medium","medium","medium","high","high","high","medium","low","medium","medium","medium","fallback","to_review","","","FAO-hosted; useful as cloud fallback if EE quota binds"
PKG-0007,"Orfeo ToolBox (OTB)","library","C++/Python","local","open-source","no","high","high","medium","low","high","high","high","medium","high","low","high","high","medium","candidate","to_review","","","Strong for large-scale production classification"
PKG-0008,"SNAP","desktop/library","Java/Python","local","open-source","no","high","high","high","low","medium","medium","high","medium","high","low","high","high","high","candidate","to_review","","","ESA toolbox; strong Sentinel preprocessing"
PKG-0009,"eo-learn","library","Python","local + cloud","open-source","no","medium","high","high","high","medium","medium","high","medium","high","high","medium","high","medium","research-only","to_review","","","ML/time-series pipelines; v3 candidate"
PKG-0010,"sentinelhub-py","library","Python","cloud","commercial + free tier","no","high","high","high","medium","medium","medium","high","medium","high","medium","medium","high","high","fallback","to_review","","","Alternative to EE for Sentinel data access"
PKG-0011,"Global Forest Watch","reference","web/API","cloud","open-access","no","n/a","n/a","n/a","n/a","medium","high","high","medium","low","low","low","medium","high","candidate","to_review","","","Reference and visualisation only — not primary logic"
